{"swagger": "2.0", "info": {"title": "bike-train-model-1", "description": "API specification for the Azure Machine Learning service bike-train-model-1", "version": "1.0"}, "schemes": ["https"], "consumes": ["application/json"], "produces": ["application/json"], "securityDefinitions": {"Bearer": {"type": "apiKey", "name": "Authorization", "in": "header", "description": "For example: Bearer abc123"}}, "paths": {"/": {"get": {"operationId": "ServiceHealthCheck", "description": "Simple health check endpoint to ensure the service is up at any given point.", "responses": {"200": {"description": "If service is up and running, this response will be returned with the content 'Healthy'", "schema": {"type": "string"}, "examples": {"application/json": "Healthy"}}, "default": {"description": "The service failed to execute due to an error.", "schema": {"$ref": "#/definitions/ErrorResponse"}}}}}, "/score": {"post": {"operationId": "RunMLService", "description": "Run web service's model and get the prediction output", "security": [{"Bearer": []}], "parameters": [{"name": "serviceInputPayload", "in": "body", "description": "The input payload for executing the real-time machine learning service.", "schema": {"$ref": "#/definitions/ServiceInput"}}], "responses": {"200": {"description": "The service processed the input correctly and provided a result prediction, if applicable.", "schema": {"$ref": "#/definitions/ServiceOutput"}}, "default": {"description": "The service failed to execute due to an error.", "schema": {"$ref": "#/definitions/ErrorResponse"}}}}}}, "definitions": {"ServiceInput": {"type": "object", "properties": {"data": {"type": "array", "items": {"type": "object", "properties": {"instant": {"type": "integer", "format": "int64"}, "date": {"type": "string", "format": "date-time"}, "season": {"type": "integer", "format": "int64"}, "yr": {"type": "integer", "format": "int64"}, "mnth": {"type": "integer", "format": "int64"}, "weekday": {"type": "integer", "format": "int64"}, "weathersit": {"type": "integer", "format": "int64"}, "temp": {"type": "number", "format": "double"}, "atemp": {"type": "number", "format": "double"}, "hum": {"type": "number", "format": "double"}, "windspeed": {"type": "number", "format": "double"}, "casual": {"type": "integer", "format": "int64"}, "registered": {"type": "integer", "format": "int64"}}}}}, "example": {"data": [{"instant": 1, "date": "2011-01-01 00:00:00,000000", "season": 1, "yr": 0, "mnth": 1, "weekday": 6, "weathersit": 2, "temp": 0.344167, "atemp": 0.363625, "hum": 0.805833, "windspeed": 0.160446, "casual": 331, "registered": 654}]}}, "ServiceOutput": {"type": "object"}, "ErrorResponse": {"type": "object", "properties": {"status_code": {"type": "integer", "format": "int32"}, "message": {"type": "string"}}}}}