{
  "swagger": "2.0",
  "info": {
    "title": "azmlproject2",
    "description": "API specification for the Azure Machine Learning service azmlproject2",
    "version": "1.0"
  },
  "schemes": [
    "https"
  ],
  "consumes": [
    "application/json"
  ],
  "produces": [
    "application/json"
  ],
  "securityDefinitions": {
    "Bearer": {
      "type": "apiKey",
      "name": "Authorization",
      "in": "header",
      "description": "For example: Bearer abc123"
    }
  },
  "paths": {
    "/": {
      "get": {
        "operationId": "ServiceHealthCheck",
        "description": "Simple health check endpoint to ensure the service is up at any given point.",
        "responses": {
          "200": {
            "description": "If service is up and running, this response will be returned with the content 'Healthy'",
            "schema": {
              "type": "string"
            },
            "examples": {
              "application/json": "Healthy"
            }
          },
          "default": {
            "description": "The service failed to execute due to an error.",
            "schema": {
              "$ref": "#/definitions/ErrorResponse"
            }
          }
        }
      }
    },
    "/score": {
      "post": {
        "operationId": "RunMLService",
        "description": "Run web service's model and get the prediction output",
        "security": [
          {
            "Bearer": []
          }
        ],
        "parameters": [
          {
            "name": "serviceInputPayload",
            "in": "body",
            "description": "The input payload for executing the real-time machine learning service.",
            "schema": {
              "$ref": "#/definitions/ServiceInput"
            }
          }
        ],
        "responses": {
          "200": {
            "description": "The service processed the input correctly and provided a result prediction, if applicable.",
            "schema": {
              "$ref": "#/definitions/ServiceOutput"
            }
          },
          "default": {
            "description": "The service failed to execute due to an error.",
            "schema": {
              "$ref": "#/definitions/ErrorResponse"
            }
          }
        }
      }
    },
    "/swagger.json": {
      "get": {
        "operationId": "GetSwaggerSpec",
        "description": "Get the Swagger specification.",
        "parameters": [
          {
            "name": "version",
            "in": "query",
            "required": false,
            "type": "integer",
            "enum": [2, 3]
          }
        ],
        "responses": {
          "200": {
            "description": "The Swagger specification.",
            "schema": {
              "type": "string"
            }
          },
          "default": {
            "description": "The service failed to execute due to an error.",
            "schema": {
              "$ref": "#/definitions/ErrorResponse"
            }
          }
        }
      }
    }
  },
  "definitions": {
    "ServiceInput": {
      "type": "object",
      "properties": {
        "Inputs": {
          "type": "object",
          "required": [
            "data"
          ],
          "properties": {
            "data": {
              "type": "array",
              "items": {
                "type": "object",
                "required": [
                  "age",
                  "job",
                  "marital",
                  "education",
                  "default",
                  "housing",
                  "loan",
                  "contact",
                  "month",
                  "day_of_week",
                  "duration",
                  "campaign",
                  "pdays",
                  "previous",
                  "poutcome",
                  "emp.var.rate",
                  "cons.price.idx",
                  "cons.conf.idx",
                  "euribor3m",
                  "nr.employed"
                ],
                "properties": {
                  "age": {
                    "type": "integer",
                    "format": "int64"
                  },
                  "job": {
                    "type": "string"
                  },
                  "marital": {
                    "type": "string"
                  },
                  "education": {
                    "type": "string"
                  },
                  "default": {
                    "type": "string"
                  },
                  "housing": {
                    "type": "string"
                  },
                  "loan": {
                    "type": "string"
                  },
                  "contact": {
                    "type": "string"
                  },
                  "month": {
                    "type": "string"
                  },
                  "day_of_week": {
                    "type": "string"
                  },
                  "duration": {
                    "type": "integer",
                    "format": "int64"
                  },
                  "campaign": {
                    "type": "integer",
                    "format": "int64"
                  },
                  "pdays": {
                    "type": "integer",
                    "format": "int64"
                  },
                  "previous": {
                    "type": "integer",
                    "format": "int64"
                  },
                  "poutcome": {
                    "type": "string"
                  },
                  "emp.var.rate": {
                    "type": "number",
                    "format": "double"
                  },
                  "cons.price.idx": {
                    "type": "number",
                    "format": "double"
                  },
                  "cons.conf.idx": {
                    "type": "number",
                    "format": "double"
                  },
                  "euribor3m": {
                    "type": "number",
                    "format": "double"
                  },
                  "nr.employed": {
                    "type": "number",
                    "format": "double"
                  }
                }
              },
              "format": "pandas.DataFrame:records"
            }
          }
        },
        "GlobalParameters": {
          "type": "object",
          "required": [
            "method"
          ],
          "properties": {
            "method": {
              "type": "string"
            }
          }
        }
      },
      "example": {
        "Inputs": {
          "data": [
            {
              "age": 0,
              "job": "example_value",
              "marital": "example_value",
              "education": "example_value",
              "default": "example_value",
              "housing": "example_value",
              "loan": "example_value",
              "contact": "example_value",
              "month": "example_value",
              "day_of_week": "example_value",
              "duration": 0,
              "campaign": 0,
              "pdays": 0,
              "previous": 0,
              "poutcome": "example_value",
              "emp.var.rate": 0,
              "cons.price.idx": 0,
              "cons.conf.idx": 0,
              "euribor3m": 0,
              "nr.employed": 0
            }
          ]
        },
        "GlobalParameters": {
          "method": "predict"
        }
      }
    },
    "ServiceOutput": {
      "type": "object",
      "required": [
        "Results"
      ],
      "properties": {
        "Results": {
          "type": "array",
          "items": {
            "type": "string"
          },
          "format": "numpy.ndarray"
        }
      },
      "example": {
        "Results": [
          "example_value"
        ]
      }
    },
    "ErrorResponse": {
      "type": "object",
      "properties": {
        "message": {
          "type": "string"
        }
      }
    }
  }
}